{"cameraMode":{"drawMode":0,"name":"Shaded","section":"Shading Mode"},"sceneLighting":true,"audioPlay":false,"sceneViewState":{"showFog":false,"showMaterialUpdate":false,"showSkybox":false,"showFlares":false,"showImageEffects":false,"showParticleSystems":false},"in2DMode":false,"pivot":{"x":503.7950134277344,"y":357.27593994140627,"z":1.8601933717727662},"rotation":{"x":-0.07074746489524842,"y":-0.00806660670787096,"z":0.0005781467771157622,"w":-0.9974663853645325},"size":726.0872192382813,"orthographic":false}