{"cameraMode":{"drawMode":0,"name":"Shaded","section":"Shading Mode"},"sceneLighting":true,"audioPlay":false,"sceneViewState":{"showFog":true,"showMaterialUpdate":true,"showSkybox":true,"showFlares":true,"showImageEffects":true,"showParticleSystems":true},"in2DMode":false,"pivot":{"x":129.3631134033203,"y":108.35441589355469,"z":328.22760009765627},"rotation":{"x":0.20092731714248658,"y":0.6445208787918091,"z":-0.18108423054218293,"w":0.715147852897644},"size":29.731874465942384,"orthographic":false}