{"cameraMode":{"drawMode":0,"name":"Shaded","section":"Shading Mode"},"sceneLighting":false,"audioPlay":false,"sceneViewState":{"showFog":true,"showMaterialUpdate":true,"showSkybox":false,"showFlares":true,"showImageEffects":true,"showParticleSystems":true},"in2DMode":false,"pivot":{"x":226.66098022460938,"y":102.06500244140625,"z":366.06683349609377},"rotation":{"x":0.03739682957530022,"y":0.5788037180900574,"z":-0.026582889258861543,"w":0.8141895532608032},"size":8.32067584991455,"orthographic":false}