{"cameraMode":{"drawMode":0,"name":"Shaded","section":"Shading Mode"},"sceneLighting":false,"audioPlay":false,"sceneViewState":{"showFog":true,"showMaterialUpdate":true,"showSkybox":false,"showFlares":true,"showImageEffects":true,"showParticleSystems":true},"in2DMode":false,"pivot":{"x":226.6609649658203,"y":102.06500244140625,"z":366.0667724609375},"rotation":{"x":0.2864241302013397,"y":0.539254903793335,"z":-0.2016865462064743,"w":0.765834391117096},"size":8.32067584991455,"orthographic":false}